<?xml version="1.0" encoding="UTF-8" standalone="yes"?>
<window>
    <defaultcontrol>411</defaultcontrol>
    <coordinates>
        <system>1</system>
        <posx>0</posx>
        <posy>575</posy>
    </coordinates>
	<onload>SetFocus(411)</onload>
    <animation effect="zoom" end="74.074074074,74.074074074" center="960,540" time="0" condition="!String.IsEmpty(Window(10000).Property(script.preshowexperience.scope.2.40:1))">Conditional</animation>
    <animation effect="zoom" end="75.925925926,75.925925926" center="960,540" time="0" condition="!String.IsEmpty(Window(10000).Property(script.preshowexperience.scope.2.35:1))">Conditional</animation>
    <controls>
        <control type="group">
            <animation effect="slide" end="[0,-575]" time="200" condition="!String.IsEmpty(Window.Property(editing))">Conditional</animation>
            <control type="image">
                <posx>0</posx>
                <posy>0</posy>
                <width>1920</width>
                <height>1080</height>
                <texture>script.preshow-background.png</texture>
                <aspectratio aligny="bottom">stretch</aspectratio>
            </control>

            <control type="image">
                <animation effect="fade" start="100" end="0" time="200" condition="String.IsEmpty(Window.Property(editing))">Conditional</animation>
                <posx>0</posx>
                <posy>0</posy>
                <width>640</width>
                <height>101</height>
                <texture>script.preshow-sequence-editor-back.png</texture>
                <colordiffuse>18FFFFFF</colordiffuse>
                <aspectratio>stretch</aspectratio>
            </control>
<!-- Sequence File Name Section in top right corner -->
            <control type="group">
                <posx>1890</posx>
                <posy>20</posy>
                <visible>!String.IsEmpty(Window(10000).Property(script.preshowexperience.EDITING))</visible>
                <control type="label">
                    <posx>0</posx>
                    <posy>0</posy>
                    <width>620</width>
                    <height>80</height>
                    <font>font30</font>
                    <textcolor>20FFFFFF</textcolor>
                    <align>right</align>
                    <label>[B]$INFO[Window(10000).Property(script.preshowexperience.EDITING)][/B]</label>
                </control>
            </control>
<!-- Addon Version Section -->
            <control type="label">
                <posx>30</posx>
                <posy>30</posy>
                <width>200</width>
                <height>30</height>
                <font>font10</font>
                <textcolor>20FFFFFF</textcolor>
                <align>left</align>
                <label>[B]v$INFO[Window(10000).Property(script.preshowexperience.VERSION)][/B]</label>
            </control>
<!-- Edit Info Text Displauy Border Section -->
			<control type="image">
			<visible>!String.IsEmpty(Container(201).ListItem.Label)</visible>
                <posx>30</posx>
                <posy>510</posy>
                <width>900</width>
                <height>515</height>
				<texture colordiffuse="FF000000">script.preshow-transparent.png</texture>
                <aspectratio>stretch</aspectratio>
            </control>
			
            <control type="image">
			<visible>!String.IsEmpty(Container(201).ListItem.Label)</visible>
                <posx>30</posx>
                <posy>510</posy>
                <width>900</width>
                <height>4</height>
	  <texture colordiffuse="FFFFFFFF">script.preshow-white_square.png</texture>
                <aspectratio>stretch</aspectratio>
            </control>
			<control type="image">
			<visible>!String.IsEmpty(Container(201).ListItem.Label)</visible>
                <posx>34</posx>
                <posy>514</posy>
                <width>892</width>
                <height>60</height>
	  <texture colordiffuse="$INFO[Window(10000).Property(script.preshowexperience.theme.color.icon)]">script.preshow-white_square.png</texture>
                <aspectratio>stretch</aspectratio>
            </control>
			
			<control type="image">
			<visible>!String.IsEmpty(Container(201).ListItem.Label)</visible>
                <posx>30</posx>
                <posy>510</posy>
                <width>4</width>
                <height>515</height>
	  <texture colordiffuse="FFFFFFFF">script.preshow-white_square.png</texture>
                <aspectratio>stretch</aspectratio>
            </control>
			
			<control type="image">
			<visible>!String.IsEmpty(Container(201).ListItem.Label)</visible>
                <posx>30</posx>
                <posy>1025</posy>
                <width>900</width>
                <height>4</height>
	  <texture colordiffuse="FFFFFFFF">script.preshow-white_square.png</texture>
                <aspectratio>stretch</aspectratio>
            </control>
			
			<control type="image">
			<visible>!String.IsEmpty(Container(201).ListItem.Label)</visible>
                <posx>926</posx>
                <posy>510</posy>
                <width>4</width>
                <height>515</height>
	  <texture colordiffuse="FFFFFFFF">script.preshow-white_square.png</texture>
                <aspectratio>stretch</aspectratio>
            </control>
			
            <control type="group">
                <visible>!String.IsEmpty(Container(201).ListItem.Label)</visible>
                <posx>60</posx>
                <posy>525</posy>
                <width>840</width>
                <height>480</height>
                <control type="label">
                    <width>780</width>
                    <height>40</height>
                    <font>font20</font>
                    <textcolor>FFFFFFFF</textcolor>
                    <align>left</align>
                    <aligny>top</aligny>
                    <label>[B]Module Type: $INFO[Container(201).ListItem.Property(type.name)][/B]</label>
                </control>

                <control type="grouplist">
                    <left>0</left>
                    <top>80</top>
                    <itemgap>10</itemgap>
                    <control type="label">
                        <width>840</width>
                        <height>40</height>
                        <font>font20</font>
                        <textcolor>FFFFFFFF</textcolor>
                        <align>left</align>
                        <aligny>top</aligny>
                        <label>$INFO[Container(201).ListItem.Property(setting0_name),,: ][COLOR $INFO[Window(10000).Property(script.preshowexperience.theme.color.setting)]]$INFO[Container(201).ListItem.Property(setting0)][/COLOR]</label>
                    </control>
                    <control type="label">
                        <width>840</width>
                        <height>40</height>
                        <font>font20</font>
                        <textcolor>FFFFFFFF</textcolor>
                        <align>left</align>
                        <aligny>top</aligny>
                        <label>$INFO[Container(201).ListItem.Property(setting1_name),,: ][COLOR $INFO[Window(10000).Property(script.preshowexperience.theme.color.setting)]]$INFO[Container(201).ListItem.Property(setting1)][/COLOR]</label>
                    </control>
                    <control type="label">
                        <width>840</width>
                        <height>40</height>
                        <font>font20</font>
                        <textcolor>FFFFFFFF</textcolor>
                        <align>left</align>
                        <aligny>top</aligny>
                        <label>$INFO[Container(201).ListItem.Property(setting2_name),,: ][COLOR $INFO[Window(10000).Property(script.preshowexperience.theme.color.setting)]]$INFO[Container(201).ListItem.Property(setting2)][/COLOR]</label>
                    </control>
                    <control type="label">
                        <width>840</width>
                        <height>40</height>
                        <font>font20</font>
                        <textcolor>FFFFFFFF</textcolor>
                        <align>left</align>
                        <aligny>top</aligny>
                        <label>$INFO[Container(201).ListItem.Property(setting3_name),,: ][COLOR $INFO[Window(10000).Property(script.preshowexperience.theme.color.setting)]]$INFO[Container(201).ListItem.Property(setting3)][/COLOR]</label>
                    </control>
                    <control type="label">
                        <width>840</width>
                        <height>40</height>
                        <font>font20</font>
                        <textcolor>FFFFFFFF</textcolor>
                        <align>left</align>
                        <aligny>top</aligny>
                        <label>$INFO[Container(201).ListItem.Property(setting4_name),,: ][COLOR $INFO[Window(10000).Property(script.preshowexperience.theme.color.setting)]]$INFO[Container(201).ListItem.Property(setting4)][/COLOR]</label>
                    </control>
                    <control type="label">
                        <width>840</width>
                        <height>40</height>
                        <font>font20</font>
                        <textcolor>FFFFFFFF</textcolor>
                        <align>left</align>
                        <aligny>top</aligny>
                        <label>$INFO[Container(201).ListItem.Property(setting5_name),,: ][COLOR $INFO[Window(10000).Property(script.preshowexperience.theme.color.setting)]]$INFO[Container(201).ListItem.Property(setting5)][/COLOR]</label>
                    </control>
                    <control type="label">
                        <width>840</width>
                        <height>40</height>
                        <font>font20</font>
                        <textcolor>FFFFFFFF</textcolor>
                        <align>left</align>
                        <aligny>top</aligny>
                        <label>$INFO[Container(201).ListItem.Property(setting6_name),,: ][COLOR $INFO[Window(10000).Property(script.preshowexperience.theme.color.setting)]]$INFO[Container(201).ListItem.Property(setting6)][/COLOR]</label>
                    </control>
                    <control type="label">
                        <width>840</width>
                        <height>40</height>
                        <font>font20</font>
                        <textcolor>FFFFFFFF</textcolor>
                        <align>left</align>
                        <aligny>top</aligny>
                        <label>$INFO[Container(201).ListItem.Property(setting7_name),,: ][COLOR $INFO[Window(10000).Property(script.preshowexperience.theme.color.setting)]]$INFO[Container(201).ListItem.Property(setting7)][/COLOR]</label>
                    </control>
                    <control type="label">
                        <width>840</width>
                        <height>40</height>
                        <font>font20</font>
                        <textcolor>FFFFFFFF</textcolor>
                        <align>left</align>
                        <aligny>top</aligny>
                        <label>$INFO[Container(201).ListItem.Property(setting8_name),,: ][COLOR $INFO[Window(10000).Property(script.preshowexperience.theme.color.setting)]]$INFO[Container(201).ListItem.Property(setting8)][/COLOR]</label>
                    </control>
                </control>

            </control>
<!-- Module Edit or Add Section -->
            <control type="group" id="200">
                <posx>-30</posx>
                <posy>0</posy>

                <control type="group">
                    <posx>960</posx>
                    <posy>260</posy>
<!-- Add Modules Line Section -->
                    <control type="group">
                        <visible>String.IsEmpty(Container(201).ListItem.property(type))</visible>
                        <posx>40</posx>
                        <posy>68</posy>

                        <control type="image">
                            <visible>!String.IsEmpty(Container(201).ListItem.property(last))</visible>
                            <posx>-60</posx>
                            <posy>40</posy>
                            <width>60</width>
                            <height>4</height>
                            <texture>script.preshow-white_square.png</texture>
                            <aspectratio>stretch</aspectratio>
                        </control>
                        <control type="image">
                            <visible>!String.IsEmpty(Container(201).ListItem.property(first))</visible>
                            <posx>0</posx>
                            <posy>40</posy>
                            <width>70</width>
                            <height>4</height>
                            <texture>script.preshow-white_square.png</texture>
                            <aspectratio>stretch</aspectratio>
                        </control>

                        <control type="group">
                            <visible>String.IsEqual(Container(202).Position,0)</visible>
                            <control type="image">
							<posy>40</posy>
                                <width>4</width>
                                <height>165</height>
                                <texture>script.preshow-white_square.png</texture>
                                <aspectratio>stretch</aspectratio>
                            </control>
                            <control type="image">
                                <posy>205</posy>
                                <width>40</width>
                                <height>4</height>
                                <texture>script.preshow-white_square.png</texture>
                                <aspectratio>stretch</aspectratio>
                            </control>
                        </control>
                        <control type="group">
                            <visible>String.IsEqual(Container(202).Position,1)</visible>
                            <control type="image">
							<posy>40</posy>
                                <width>4</width>
                                <height>245</height>
                                <texture>script.preshow-white_square.png</texture>
                                <aspectratio>stretch</aspectratio>
                            </control>
                            <control type="image">
                                <posy>285</posy>
                                <width>40</width>
                                <height>4</height>
                                <texture>script.preshow-white_square.png</texture>
                                <aspectratio>stretch</aspectratio>
                            </control>
                        </control>
                        <control type="group">
                            <visible>String.IsEqual(Container(202).Position,2)</visible>
                            <control type="image">
							<posy>40</posy>
                                <width>4</width>
                                <height>325</height>
                                <texture>script.preshow-white_square.png</texture>
                                <aspectratio>stretch</aspectratio>
                            </control>
                            <control type="image">
                                <posy>365</posy>
                                <width>40</width>
                                <height>4</height>
                                <texture>script.preshow-white_square.png</texture>
                                <aspectratio>stretch</aspectratio>
                            </control>
                        </control>
                        <control type="group">
                            <visible>String.IsEqual(Container(202).Position,3)</visible>
                            <control type="image">
							<posy>40</posy>
                                <width>4</width>
                                <height>405</height>
                                <texture>script.preshow-white_square.png</texture>
                                <aspectratio>stretch</aspectratio>
                            </control>
                            <control type="image">
                                <posy>445</posy>
                                <width>40</width>
                                <height>4</height>
                                <texture>script.preshow-white_square.png</texture>
                                <aspectratio>stretch</aspectratio>
                            </control>
                        </control>
                        <control type="group">
                            <visible>String.IsEqual(Container(202).Position,4)</visible>
                            <control type="image">
							<posy>40</posy>
                                <width>4</width>
                                <height>485</height>
                                <texture>script.preshow-white_square.png</texture>
                                <aspectratio>stretch</aspectratio>
                            </control>
                            <control type="image">
                                <posy>525</posy>
                                <width>40</width>
                                <height>4</height>
                                <texture>script.preshow-white_square.png</texture>
                                <aspectratio>stretch</aspectratio>
                            </control>
                        </control>
                        <control type="group">
                            <visible>String.IsEqual(Container(202).Position,5)</visible>
                            <control type="image">
							<posy>40</posy>
                                <width>4</width>
                                <height>565</height>
                                <texture>script.preshow-white_square.png</texture>
                                <aspectratio>stretch</aspectratio>
                            </control>
                            <control type="image">
                                <posy>605</posy>
                                <width>40</width>
                                <height>4</height>
                                <texture>script.preshow-white_square.png</texture>
                                <aspectratio>stretch</aspectratio>
                            </control>
                        </control>
						<control type="group">
                            <visible>String.IsEqual(Container(202).Position,6)</visible>
                            <control type="image">
							<posy>40</posy>
                                <width>4</width>
                                <height>645</height>
                                <texture>script.preshow-white_square.png</texture>
                                <aspectratio>stretch</aspectratio>
                            </control>
                            <control type="image">
                                <posy>685</posy>
                                <width>40</width>
                                <height>4</height>
                                <texture>script.preshow-white_square.png</texture>
                                <aspectratio>stretch</aspectratio>
                            </control>
                        </control>
<!-- Add Modules Section -->
                        <control type="list" id="202">
                            <posx>0</posx>
                            <posy>168</posy>
                            <width>800</width>
                            <height>700</height>
                            <orientation>vertical</orientation>
                            <!-- <onleft>201</onleft>
                            <onright>201</onright>
                            <ondown>203</ondown>
                            <onup>201</onup> -->

                            <itemlayout height="80">
                                <control type="image">
                                    <posx>20</posx>
                                    <posy>2</posy>
                                    <width>75</width>
                                    <height>75</height>
                                    <texture colordiffuse="$INFO[Window(10000).Property(script.preshowexperience.theme.color.icon)]">$INFO[ListItem.Property(thumb.fill)]</texture>
                                    <aspectratio>stretch</aspectratio>
                                </control>
                                <control type="image">
                                    <posx>20</posx>
                                    <posy>2</posy>
                                    <width>75</width>
                                    <height>75</height>
                                    <texture>$INFO[ListItem.Thumb]</texture>
                                    <aspectratio>stretch</aspectratio>
                                </control>
                                <control type="label">
                                    <left>100</left>
                                    <top>2</top>
                                    <width>800</width>
                                    <height>80</height>
                                    <font>font20</font>
                                    <textcolor>FF909090</textcolor>
                                    <align>left</align>
                                    <aligny>center</aligny>
                                    <label>$INFO[ListItem.Label]</label>
                                </control>
                            </itemlayout>

                            <focusedlayout height="80">
                                <control type="group">
                                    <posx>20</posx>
                                    <posy>2</posy>
                                    <control type="image">
                                        <posx>0</posx>
                                        <posy>0</posy>
                                        <width>75</width>
                                        <height>75</height>
                                        <texture>$INFO[ListItem.Property(thumb.focus)]</texture>
                                        <aspectratio>stretch</aspectratio>
                                    </control>
                                    <control type="image">
                                        <posx>0</posx>
                                        <posy>0</posy>
                                        <width>75</width>
                                        <height>75</height>
                                        <texture colordiffuse="$INFO[Window(10000).Property(script.preshowexperience.theme.color.icon)]">$INFO[ListItem.Property(thumb.fill)]</texture>
                                        <aspectratio>stretch</aspectratio>
                                    </control>
                                    <control type="image">
                                        <posx>0</posx>
                                        <posy>0</posy>
                                        <width>75</width>
                                        <height>75</height>
                                        <texture>$INFO[ListItem.Thumb]</texture>
                                        <aspectratio>stretch</aspectratio>
                                    </control>
                                    <control type="label">
                                        <left>80</left>
                                        <top>0</top>
                                        <width>800</width>
                                        <height>80</height>
                                        <font>font20</font>
                                        <textcolor>FFFFFFFF</textcolor>
                                        <align>left</align>
                                        <aligny>center</aligny>
                                        <label>$INFO[ListItem.Label]</label>
                                    </control>
                                </control>

                            </focusedlayout>
                        </control>

                    </control>
<!-- Edit or Add Line Section -->
                    <control type="group">
                        <visible>!String.IsEmpty(Container(201).ListItem.property(type))</visible>
                        <posx>40</posx>
                        <posy>78</posy>
                        <control type="group">
                            <visible>String.IsEqual(Container(203).Position,0)</visible>
                            <control type="image">
							<posy>40</posy>
                                <width>4</width>
                                <height>165</height>
                                <texture>script.preshow-white_square.png</texture>
                                <aspectratio>stretch</aspectratio>
                            </control>
                            <control type="image">
                                <posy>205</posy>
                                <width>24</width>
                                <height>4</height>
                                <texture>script.preshow-white_square.png</texture>
                                <aspectratio>stretch</aspectratio>
                            </control>
                        </control>
                        <control type="group">
                            <visible>String.IsEqual(Container(203).Position,1)</visible>
                            <control type="image">
							<posy>40</posy>
                                <width>4</width>
                                <height>245</height>
                                <texture>script.preshow-white_square.png</texture>
                                <aspectratio>stretch</aspectratio>
                            </control>
                            <control type="image">
                                <posy>285</posy>
                                <width>24</width>
                                <height>4</height>
                                <texture>script.preshow-white_square.png</texture>
                                <aspectratio>stretch</aspectratio>
                            </control>
                        </control>
                        <control type="group">
                            <visible>String.IsEqual(Container(203).Position,2)</visible>
                            <control type="image">
							<posy>40</posy>
                                <width>4</width>
                                <height>325</height>
                                <texture>script.preshow-white_square.png</texture>
                                <aspectratio>stretch</aspectratio>
                            </control>
                            <control type="image">
                                <posy>365</posy>
                                <width>24</width>
                                <height>4</height>
                                <texture>script.preshow-white_square.png</texture>
                                <aspectratio>stretch</aspectratio>
                            </control>
                        </control>
                        <control type="group">
                            <visible>String.IsEqual(Container(203).Position,3)</visible>
                            <control type="group">
                                <visible>String.IsEmpty(Container(201).ListItem.Property(moving))</visible>
                                <control type="image">
								<posy>40</posy>
                                    <width>4</width>
                                    <height>415</height>
                                    <texture>script.preshow-white_square.png</texture>
                                    <aspectratio>stretch</aspectratio>
                                </control>
                                <control type="image">
                                    <posy>455</posy>
                                    <width>40</width>
                                    <height>4</height>
                                    <texture>script.preshow-white_square.png</texture>
                                    <aspectratio>stretch</aspectratio>
                                </control>
                            </control>
                            <control type="group">
                                <visible>!String.IsEmpty(Container(201).ListItem.Property(moving))</visible>
                                <control type="image">
								<posy>40</posy>
                                    <width>4</width>
                                    <height>405</height>
                                    <texture>script.preshow-white_square.png</texture>
                                    <aspectratio>stretch</aspectratio>
                                    <colordiffuse>$INFO[Window(10000).Property(script.preshowexperience.theme.color.move)]</colordiffuse>
                                </control>
                                <control type="image">
                                    <posy>445</posy>
                                    <width>40</width>
                                    <height>4</height>
                                    <texture>script.preshow-white_square.png</texture>
                                    <aspectratio>stretch</aspectratio>
                                    <colordiffuse>$INFO[Window(10000).Property(script.preshowexperience.theme.color.move)]</colordiffuse>
                                </control>
                            </control>
                        </control>
                        <control type="group">
                            <visible>String.IsEqual(Container(203).Position,4)</visible>
                            <control type="image">
							<posy>40</posy>
                                <width>4</width>
                                <height>485</height>
                                <texture>script.preshow-white_square.png</texture>
                                <aspectratio>stretch</aspectratio>
                            </control>
                            <control type="image">
                                <posy>525</posy>
                                <width>24</width>
                                <height>4</height>
                                <texture>script.preshow-white_square.png</texture>
                                <aspectratio>stretch</aspectratio>
                            </control>
                        </control>
                        <control type="group">
                            <visible>String.IsEqual(Container(203).Position,5)</visible>
                            <control type="image">
							<posy>40</posy>
                                <width>4</width>
                                <height>565</height>
                                <texture>script.preshow-white_square.png</texture>
                                <aspectratio>stretch</aspectratio>
                            </control>
                            <control type="image">
                                <posy>605</posy>
                                <width>24</width>
                                <height>4</height>
                                <texture>script.preshow-white_square.png</texture>
                                <aspectratio>stretch</aspectratio>
                            </control>
                        </control>

                        <control type="list" id="203">
                            <posx>0</posx>
                            <posy>168</posy>
                            <width>800</width>
                            <height>700</height>
                            <orientation>vertical</orientation>
                            <!-- <onleft>201</onleft>
                            <onright>201</onright>
                            <ondown>200</ondown>
                            <onup>201</onup> -->

                            <itemlayout height="80">
                                <control type="group">
                                    <visible>!String.IsEmpty(Window(10000).Property(script.preshowexperience.sequence.item.enabled))</visible>
                                    <control type="image">
                                        <posx>20</posx>
                                        <posy>0</posy>
                                        <width>75</width>
                                        <height>75</height>
                                        <texture>$INFO[ListItem.Thumb]</texture>
                                        <aspectratio>stretch</aspectratio>
                                    </control>
                                    <control type="label">
                                        <left>100</left>
                                        <top>0</top>
                                        <width>800</width>
                                        <height>80</height>
                                        <font>font20</font>
                                        <textcolor>FF909090</textcolor>
                                        <align>left</align>
                                        <aligny>center</aligny>
                                        <label>$INFO[ListItem.Label]</label>
                                    </control>
                                </control>
                                <control type="group">
                                    <visible>String.IsEmpty(Window(10000).Property(script.preshowexperience.sequence.item.enabled))</visible>
                                    <control type="image">
                                        <posx>20</posx>
                                        <posy>0</posy>
                                        <width>75</width>
                                        <height>75</height>
                                        <texture>$INFO[ListItem.Property(alt.thumb)]</texture>
                                        <aspectratio>stretch</aspectratio>
                                    </control>
                                    <control type="label">
                                        <left>100</left>
                                        <top>0</top>
                                        <width>800</width>
                                        <height>80</height>
                                        <font>font20</font>
                                        <textcolor>FF909090</textcolor>
                                        <align>left</align>
                                        <aligny>center</aligny>
                                        <label>$INFO[ListItem.Label2]</label>
                                    </control>
                                </control>
                            </itemlayout>

                            <focusedlayout height="80">
                                <control type="group">
                                    <posx>20</posx>
                                    <posy>0</posy>

                                    <control type="image">
                                        <visible>String.IsEmpty(Container(201).ListItem.Property(moving))</visible>
                                        <posx>0</posx>
                                        <posy>0</posy>
                                        <width>75</width>
                                        <height>75</height>
                                        <texture>$INFO[ListItem.Property(thumb.focus)]</texture>
                                        <aspectratio>stretch</aspectratio>
                                    </control>
                                    <control type="image">
                                        <visible>!String.IsEmpty(Container(201).ListItem.Property(moving))</visible>
                                        <posx>0</posx>
                                        <posy>0</posy>
                                        <width>75</width>
                                        <height>75</height>
                                        <texture>$INFO[ListItem.Property(thumb.focus)]</texture>
                                        <colordiffuse>$INFO[Window(10000).Property(script.preshowexperience.theme.color.move)]</colordiffuse>
                                        <aspectratio>stretch</aspectratio>
                                    </control>

                                    <control type="group">
                                        <visible>!String.IsEmpty(Window(10000).Property(script.preshowexperience.sequence.item.enabled))</visible>
                                        <control type="image">
                                            <posx>0</posx>
                                            <posy>0</posy>
                                            <width>75</width>
                                            <height>75</height>
                                            <texture>$INFO[ListItem.Thumb]</texture>
                                            <aspectratio>stretch</aspectratio>
                                        </control>
                                        <control type="label">
                                            <left>80</left>
                                            <top>0</top>
                                            <width>800</width>
                                            <height>80</height>
                                            <font>font20</font>
                                            <textcolor>FFFFFFFF</textcolor>
                                            <align>left</align>
                                            <aligny>center</aligny>
                                            <label>$INFO[ListItem.Label]</label>
                                        </control>
                                    </control>
                                    <control type="group">
                                        <visible>String.IsEmpty(Window(10000).Property(script.preshowexperience.sequence.item.enabled))</visible>
                                        <control type="image">
                                            <posx>0</posx>
                                            <posy>0</posy>
                                            <width>75</width>
                                            <height>75</height>
                                            <texture>$INFO[ListItem.Property(alt.thumb)]</texture>
                                            <aspectratio>stretch</aspectratio>
                                        </control>
                                        <control type="label">
                                            <left>80</left>
                                            <top>0</top>
                                            <width>800</width>
                                            <height>80</height>
                                            <font>font20</font>
                                            <textcolor>FFFFFFFF</textcolor>
                                            <align>left</align>
                                            <aligny>center</aligny>
                                            <label>$INFO[ListItem.Label2]</label>
                                        </control>
                                    </control>
                                </control>
                            </focusedlayout>

                        </control>
                    </control>
                </control>

                <control type="button" id="900">
                    <posx>-800</posx>
                    <posy>540</posy>
                    <width>10</width>
                    <height>10</height>
                    <label> </label>
                    <font>font13</font>
                    <texturefocus>-</texturefocus>
                    <texturenofocus>-</texturenofocus>
                    <onleft>900</onleft>
                    <onright>900</onright>
                    <onup>900</onup>
                    <ondown>900</ondown>
                </control>

                <control type="fixedlist" id="201">
                    <focusposition>17</focusposition>
                    <posx>-400</posx>
                    <posy>0</posy>
                    <width>2800</width>
                    <height>520</height>
                    <scrolltime>200</scrolltime>
                    <orientation>horizontal</orientation>
                    <hitrect x="0" y="0" w="0" h="0" />
                    <!-- <onleft>200</onleft>
                    <onright>200</onright>
                    <ondown>202</ondown> -->

                    <!-- ITEM LAYOUT ########################################## -->
                    <itemlayout width="80">
                        <control type="group">
                            <animation effect="slide" start="[0,-10]" end="[0,0]" time="200" reversible="false" condition="String.IsEqual(ListItem.Property(selected),0)">Conditional</animation>
                            <control type="group">
                                <visible>!String.IsEmpty(ListItem.Property(enabled))</visible>
                                <left>40</left>
                                <top>130</top>
                                <control type="label">
                                    <visible>!String.IsEmpty(ListItem.Property(error))</visible>
                                    <left>0</left>
                                    <top>0</top>
                                    <width>400</width>
                                    <height>300</height>
                                    <angle>45</angle>
                                    <font>font20</font>
                                    <textcolor>FFFF0000</textcolor>
                                    <align>left</align>
                                    <aligny>center</aligny>
                                    <label>[B]$INFO[ListItem.Label]$INFO[ListItem.Label2, ][/B]</label>
                                </control>
                                <control type="label">
                                    <visible>String.IsEmpty(ListItem.Property(error))</visible>
                                    <left>0</left>
                                    <top>0</top>
                                    <width>400</width>
                                    <height>300</height>
                                    <angle>45</angle>
                                    <font>font20</font>
                                    <textcolor>FFFFFFFF</textcolor>
                                    <align>left</align>
                                    <aligny>center</aligny>
                                    <label>[B]$INFO[ListItem.Label]$INFO[ListItem.Label2, ][/B]</label>
                                </control>
                            </control>
                            <control type="label">
                                <visible>String.IsEmpty(ListItem.Property(enabled))</visible>
                                <left>40</left>
                                <top>130</top>
                                <width>400</width>
                                <height>300</height>
                                <angle>45</angle>
                                <font>font20</font>
                                <textcolor>FF606060</textcolor>
                                <align>left</align>
                                <aligny>center</aligny>
                                <label>[B]$INFO[ListItem.Label]$INFO[ListItem.Label2, ][/B]</label>
                            </control>
                        </control>

                        <control type="group">
                            <posx>3</posx>
                            <posy>380</posy>
                            <control type="image">
                                <visible>!String.IsEmpty(ListItem.Property(connect.start)) | !String.IsEmpty(ListItem.Property(connect.end))</visible>
                                <posx>35</posx>
                                <posy>35</posy>
                                <width>4</width>
                                <height>50</height>
                                <texture>script.preshow-white_square.png</texture>
                                <colordiffuse>60FFFFFF</colordiffuse>
                                <aspectratio>stretch</aspectratio>
                            </control>
                            <control type="image">
                                <visible>!String.IsEmpty(ListItem.Property(connect.start))</visible>
                                <posx>35</posx>
                                <posy>85</posy>
                                <width>125</width>
                                <height>4</height>
                                <texture>script.preshow-white_square.png</texture>
                                <colordiffuse>60FFFFFF</colordiffuse>
                                <aspectratio>stretch</aspectratio>
                            </control>
                            <control type="image">
                                <visible>!String.IsEmpty(ListItem.Property(connect.end))</visible>
                                <posx>0</posx>
                                <posy>85</posy>
                                <width>39</width>
                                <height>4</height>
                                <texture>script.preshow-white_square.png</texture>
                                <colordiffuse>60FFFFFF</colordiffuse>
                                <aspectratio>stretch</aspectratio>
                            </control>
                            <control type="image">
                                <visible>!String.IsEmpty(ListItem.Property(connect.join))</visible>
                                <posx>0</posx>
                                <posy>85</posy>
                                <width>160</width>
                                <height>4</height>
                                <texture>script.preshow-white_square.png</texture>
                                <colordiffuse>60FFFFFF</colordiffuse>
                                <aspectratio>stretch</aspectratio>
                            </control>
                        </control>

                        <control type="group">
                            <posx>3</posx>
                            <posy>380</posy>
                            <control type="image">
                                <visible>!String.IsEmpty(ListItem.Property(connect.skip.start)) | !String.IsEmpty(ListItem.Property(connect.skip.end))</visible>
                                <posx>35</posx>
                                <posy>35</posy>
                                <width>4</width>
                                <height>70</height>
                                <texture>script.preshow-white_square.png</texture>
                                <colordiffuse>60FFFFFF</colordiffuse>
                                <aspectratio>stretch</aspectratio>
                            </control>
                            <control type="image">
                                <visible>!String.IsEmpty(ListItem.Property(connect.skip.start))</visible>
                                <posx>35</posx>
                                <posy>105</posy>
                                <width>125</width>
                                <height>4</height>
                                <texture>script.preshow-white_square.png</texture>
                                <colordiffuse>60FFFFFF</colordiffuse>
                                <aspectratio>stretch</aspectratio>
                            </control>
                            <control type="image">
                                <visible>!String.IsEmpty(ListItem.Property(connect.skip.end))</visible>
                                <posx>0</posx>
                                <posy>105</posy>
                                <width>39</width>
                                <height>4</height>
                                <texture>script.preshow-white_square.png</texture>
                                <colordiffuse>60FFFFFF</colordiffuse>
                                <aspectratio>stretch</aspectratio>
                            </control>
                            <control type="image">
                                <visible>!String.IsEmpty(ListItem.Property(connect.skip.join))</visible>
                                <posx>0</posx>
                                <posy>105</posy>
                                <width>160</width>
                                <height>4</height>
                                <texture>script.preshow-white_square.png</texture>
                                <colordiffuse>60FFFFFF</colordiffuse>
                                <aspectratio>stretch</aspectratio>
                            </control>
                        </control>

<!-- Main Sequence Section -->
                        <control type="group">
                            <posx>-30</posx>
                            <posy>300</posy>
                            <control type="image">
                                <visible>String.IsEmpty(ListItem.Property(type)) + String.IsEmpty(ListItem.Property(first)) + String.IsEmpty(ListItem.Property(last))</visible>
                                <posx>61</posx>
                                <posy>68</posy>
                                <width>22</width>
                                <height>4</height>
                                <texture>script.preshow-white_square.png</texture>
                                <aspectratio>stretch</aspectratio>
                            </control>

                            <control type="group">
                                <visible>!String.IsEmpty(ListItem.Property(type))</visible>
                                <control type="image">
                                    <visible>String.IsEmpty(ListItem.Property(almost.last)) + String.IsEmpty(ListItem.Property(second))</visible>
                                    <posx>-12</posx>
                                    <posy>68</posy>
                                    <width>154</width>
                                    <height>4</height>
                                    <texture>script.preshow-white_square.png</texture>
                                    <aspectratio>stretch</aspectratio>
                                </control>
                                <control type="image">
                                    <visible>!String.IsEmpty(ListItem.Property(almost.last))</visible>
                                    <posx>0</posx>
                                    <posy>68</posy>
                                    <width>65</width>
                                    <height>4</height>
                                    <texture>script.preshow-white_square.png</texture>
                                    <aspectratio>stretch</aspectratio>
                                </control>
                                <control type="image">
                                    <visible>!String.IsEmpty(ListItem.Property(second))</visible>
                                    <posx>65</posx>
                                    <posy>68</posy>
                                    <width>77</width>
                                    <height>4</height>
                                    <texture>script.preshow-white_square.png</texture>
                                    <aspectratio>stretch</aspectratio>
                                </control>

                                <control type="group">
                                    <animation effect="zoom" start="113" end="100" time="200" center="76.5,76.5" reversible="false" condition="String.IsEqual(ListItem.Property(selected),0)">Conditional</animation>
                                    <control type="group">
                                        <visible>!String.IsEmpty(ListItem.Property(enabled))</visible>
                                        <control type="image">
                                            <posx>-3</posx>
                                            <posy>-3</posy>
                                            <width>150</width>
                                            <height>150</height>
                                            <texture>$INFO[ListItem.Property(theme.path)]large/script.preshow-$INFO[ListItem.Property(type)].png</texture>
                                            <aspectratio>stretch</aspectratio>
                                        </control>
                                    </control>
                                    <control type="group">
                                        <visible>String.IsEmpty(ListItem.Property(enabled))</visible>

                                        <control type="image">
                                            <posx>-3</posx>
                                            <posy>-3</posy>
                                            <width>150</width>
                                            <height>150</height>
                                            <texture>$INFO[ListItem.Property(theme.path)]large/script.preshow-$INFO[ListItem.Property(type)].png</texture>
                                            <aspectratio>stretch</aspectratio>
                                            <colordiffuse>FF606060</colordiffuse>
                                        </control>
                                    </control>
                                </control>
                            </control>

                        </control>
                    </itemlayout>

                    <!-- FOCUSED LAYOUT ####################################### -->
                    <focusedlayout width="80">
                        <control type="group">
                            <animation effect="slide" start="[0,10]" end="[0,0]" time="200" reversible="false" condition="String.IsEqual(ListItem.Property(selected),1)">Conditional</animation>
                            <control type="group">
                                <visible>!String.IsEmpty(ListItem.Property(enabled))</visible>
                                <left>40</left>
                                <top>120</top>
                                <control type="label">
                                    <visible>!String.IsEmpty(ListItem.Property(error))</visible>
                                    <left>0</left>
                                    <top>0</top>
                                    <width>400</width>
                                    <height>300</height>
                                    <angle>45</angle>
                                    <font>font20</font>
                                    <textcolor>FFFF0000</textcolor>
                                    <align>left</align>
                                    <aligny>center</aligny>
                                    <label>[B]$INFO[ListItem.Label]$INFO[ListItem.Label2, ][/B]</label>
                                </control>
                                <control type="label">
                                    <visible>String.IsEmpty(ListItem.Property(error))</visible>
                                    <left>0</left>
                                    <top>0</top>
                                    <width>400</width>
                                    <height>300</height>
                                    <angle>45</angle>
                                    <font>font20</font>
                                    <textcolor>FFFFFFFF</textcolor>
                                    <align>left</align>
                                    <aligny>center</aligny>
                                    <label>[B]$INFO[ListItem.Label]$INFO[ListItem.Label2, ][/B]</label>
                                </control>
                            </control>
                            <control type="label">
                                <visible>String.IsEmpty(ListItem.Property(enabled))</visible>
                                <left>40</left>
                                <top>120</top>
                                <width>400</width>
                                <height>300</height>
                                <angle>45</angle>
                                <font>font20</font>
                                <textcolor>FF606060</textcolor>
                                <align>left</align>
                                <aligny>center</aligny>
                                <label>[B]$INFO[ListItem.Label]$INFO[ListItem.Label2, ][/B]</label>
                            </control>
                        </control>

                        <control type="group">
                            <posx>3</posx>
                            <posy>380</posy>
                            <control type="image">
                                <visible>!String.IsEmpty(ListItem.Property(connect.start)) | !String.IsEmpty(ListItem.Property(connect.end))</visible>
                                <posx>35</posx>
                                <posy>35</posy>
                                <width>4</width>
                                <height>50</height>
                                <texture>script.preshow-white_square.png</texture>
                                <colordiffuse>60FFFFFF</colordiffuse>
                                <aspectratio>stretch</aspectratio>
                            </control>
                            <control type="image">
                                <visible>!String.IsEmpty(ListItem.Property(connect.start))</visible>
                                <posx>35</posx>
                                <posy>85</posy>
                                <width>125</width>
                                <height>4</height>
                                <texture>script.preshow-white_square.png</texture>
                                <colordiffuse>60FFFFFF</colordiffuse>
                                <aspectratio>stretch</aspectratio>
                            </control>
                            <control type="image">
                                <visible>!String.IsEmpty(ListItem.Property(connect.end))</visible>
                                <posx>0</posx>
                                <posy>85</posy>
                                <width>39</width>
                                <height>4</height>
                                <texture>script.preshow-white_square.png</texture>
                                <colordiffuse>60FFFFFF</colordiffuse>
                                <aspectratio>stretch</aspectratio>
                            </control>
                            <control type="image">
                                <visible>!String.IsEmpty(ListItem.Property(connect.join))</visible>
                                <posx>0</posx>
                                <posy>85</posy>
                                <width>160</width>
                                <height>4</height>
                                <texture>script.preshow-white_square.png</texture>
                                <colordiffuse>60FFFFFF</colordiffuse>
                                <aspectratio>stretch</aspectratio>
                            </control>
                        </control>

                        <control type="group">
                            <posx>3</posx>
                            <posy>380</posy>
                            <control type="image">
                                <visible>!String.IsEmpty(ListItem.Property(connect.skip.start)) | !String.IsEmpty(ListItem.Property(connect.skip.end))</visible>
                                <posx>35</posx>
                                <posy>35</posy>
                                <width>4</width>
                                <height>70</height>
                                <texture>script.preshow-white_square.png</texture>
                                <colordiffuse>60FFFFFF</colordiffuse>
                                <aspectratio>stretch</aspectratio>
                            </control>
                            <control type="image">
                                <visible>!String.IsEmpty(ListItem.Property(connect.skip.start))</visible>
                                <posx>35</posx>
                                <posy>105</posy>
                                <width>125</width>
                                <height>4</height>
                                <texture>script.preshow-white_square.png</texture>
                                <colordiffuse>60FFFFFF</colordiffuse>
                                <aspectratio>stretch</aspectratio>
                            </control>
                            <control type="image">
                                <visible>!String.IsEmpty(ListItem.Property(connect.skip.end))</visible>
                                <posx>0</posx>
                                <posy>105</posy>
                                <width>39</width>
                                <height>4</height>
                                <texture>script.preshow-white_square.png</texture>
                                <colordiffuse>60FFFFFF</colordiffuse>
                                <aspectratio>stretch</aspectratio>
                            </control>
                            <control type="image">
                                <visible>!String.IsEmpty(ListItem.Property(connect.skip.join))</visible>
                                <posx>0</posx>
                                <posy>105</posy>
                                <width>160</width>
                                <height>4</height>
                                <texture>script.preshow-white_square.png</texture>
                                <colordiffuse>60FFFFFF</colordiffuse>
                                <aspectratio>stretch</aspectratio>
                            </control>
                        </control>

                        <control type="group">
                            <posx>-30</posx>
                            <posy>300</posy>

                            <control type="group">
                                <visible>!String.IsEmpty(ListItem.Property(type))</visible>
                                <control type="image">
                                    <visible>String.IsEmpty(ListItem.Property(almost.last)) + String.IsEmpty(ListItem.Property(second))</visible>
                                    <posx>-12</posx>
                                    <posy>68</posy>
                                    <width>154</width>
                                    <height>4</height>
                                    <texture>script.preshow-white_square.png</texture>
                                    <aspectratio>stretch</aspectratio>
                                </control>
                                <control type="image">
                                    <visible>!String.IsEmpty(ListItem.Property(almost.last))</visible>
                                    <posx>0</posx>
                                    <posy>68</posy>
                                    <width>65</width>
                                    <height>4</height>
                                    <texture>script.preshow-white_square.png</texture>
                                    <aspectratio>stretch</aspectratio>
                                </control>
                                <control type="image">
                                    <visible>!String.IsEmpty(ListItem.Property(second))</visible>
                                    <posx>65</posx>
                                    <posy>68</posy>
                                    <width>77</width>
                                    <height>4</height>
                                    <texture>script.preshow-white_square.png</texture>
                                    <aspectratio>stretch</aspectratio>
                                </control>
                            </control>

                            <control type="group">
                                <visible>String.IsEmpty(ListItem.Property(type))</visible>
                                <control type="image">
                                    <visible>String.IsEmpty(ListItem.Property(first)) + String.IsEmpty(ListItem.Property(last))</visible>
                                    <posx>61</posx>
                                    <posy>68</posy>
                                    <width>22</width>
                                    <height>4</height>
                                    <texture>script.preshow-white_square.png</texture>
                                    <aspectratio>stretch</aspectratio>
                                </control>
                            </control>

                            <control type="group">
                                <animation effect="zoom" start="88" end="100" time="200" center="76.5,76.5" reversible="false" condition="String.IsEqual(ListItem.Property(selected),1)">Conditional</animation>
                                <control type="group">
                                    <visible>!String.IsEmpty(ListItem.Property(type))</visible>
                                    <posx>-13</posx>
                                    <posy>-13</posy>
                                    <control type="image">
                                        <visible>String.IsEmpty(ListItem.Property(moving))</visible>
                                        <posx>0</posx>
                                        <posy>0</posy>
                                        <width>170</width>
                                        <height>170</height>
                                        <texture>$INFO[ListItem.Property(theme.path)]large/script.preshow-$INFO[ListItem.Property(type)]_Selected.png</texture>
                                        <aspectratio>stretch</aspectratio>
                                    </control>
                                    <control type="image">
                                        <visible>!String.IsEmpty(ListItem.Property(moving))</visible>
                                        <posx>0</posx>
                                        <posy>0</posy>
                                        <width>170</width>
                                        <height>170</height>
                                        <texture>$INFO[ListItem.Property(theme.path)]large/script.preshow-$INFO[ListItem.Property(type)]_Selected.png</texture>
                                        <colordiffuse>$INFO[Window(10000).Property(script.preshowexperience.theme.color.move)]</colordiffuse>
                                        <aspectratio>stretch</aspectratio>
                                    </control>
                                </control>

                                <control type="group">
                                    <visible>!String.IsEmpty(ListItem.Property(type))</visible>
                                    <control type="group">
                                        <visible>!String.IsEmpty(ListItem.Property(enabled))</visible>
                                        <control type="image">
                                            <posx>-13</posx>
                                            <posy>-13</posy>
                                            <width>170</width>
                                            <height>170</height>
                                            <texture>$INFO[ListItem.Property(theme.path)]large/script.preshow-$INFO[ListItem.Property(type)].png</texture>
                                            <aspectratio>stretch</aspectratio>
                                        </control>
                                    </control>
                                    <control type="group">
                                        <visible>String.IsEmpty(ListItem.Property(enabled))</visible>
                                        <control type="image">
                                            <posx>-13</posx>
                                            <posy>-13</posy>
                                            <width>170</width>
                                            <height>170</height>
                                            <texture>$INFO[ListItem.Property(theme.path)]large/script.preshow-$INFO[ListItem.Property(type)].png</texture>
                                            <aspectratio>stretch</aspectratio>
                                            <colordiffuse>FF606060</colordiffuse>
                                        </control>
                                    </control>
                                </control>
                            </control>
                        </control>
                    </focusedlayout>
                </control>

            </control>

            <control type="group">
                <visible>!String.IsEmpty(Window(10000).Property(script.preshowexperience.ACTIVE))</visible>
                <posx>1460</posx>
                <posy>540</posy>
                <control type="textbox">
                    <visible>String.IsEqual(Window(10000).Property(script.preshowexperience.ACTIVE),1)</visible>
                    <left>0</left>
                    <top>480</top>
                    <width>420</width>
                    <height>40</height>
                    <font>font13</font>
                    <textcolor>FF009900</textcolor>
                    <align>right</align>
                    <aligny>top</aligny>
                    <label>[B][UPPERCASE]$ADDON[script.preshowexperience 32608][/UPPERCASE][/B]</label>
                </control>
                <control type="textbox">
                    <visible>String.IsEqual(Window(10000).Property(script.preshowexperience.ACTIVE),0)</visible>
                    <left>0</left>
                    <top>480</top>
                    <width>420</width>
                    <height>40</height>
                    <font>font13</font>
                    <textcolor>FFBB0000</textcolor>
                    <align>right</align>
                    <aligny>top</aligny>
                    <label>[B][UPPERCASE]$ADDON[script.preshowexperience 32609][/UPPERCASE][/B]</label>
                </control>
            </control>

            <control type="group">
                <posx>1420</posx>
                <posy>920</posy>
                <visible>!String.IsEmpty(Window(10000).Property(script.preshowexperience.DEMO_MODE))</visible>
                <control type="image">
                    <posx>0</posx>
                    <posy>0</posy>
                    <width>460</width>
                    <height>120</height>
                    <texture>script.preshow-white_square.png</texture>
                    <colordiffuse>FF2D3139</colordiffuse>
                    <aspectratio>stretch</aspectratio>
                </control>
                <control type="textbox">
                    <left>20</left>
                    <top>20</top>
                    <width>420</width>
                    <height>80</height>
                    <font>font13</font>
                    <textcolor>FF64A0FF</textcolor>
                    <align>right</align>
                    <label>$ADDON[script.preshowexperience 32591][CR]$ADDON[script.preshowexperience 32592]</label>
                </control>
            </control>

            <control type="group">
                <animation effect="fade" start="100" end="0" time="200" condition="!String.IsEmpty(Window.Property(editing))">Conditional</animation>
                <animation effect="fade" start="0" end="100" time="200" condition="String.IsEmpty(Window.Property(editing))">Conditional</animation>
                <control type="image">
                    <posx>0</posx>
                    <posy>0</posy>
                    <width>1920</width>
                    <height>1080</height>
                    <texture>script.preshow-white_square.png</texture>
                    <colordiffuse>B0000000</colordiffuse>
                    <aspectratio>stretch</aspectratio>
                </control>
                <control type="image">
                    <animation effect="fade" start="100" end="0" time="200" condition="!String.IsEmpty(Window.Property(editing))">Conditional</animation>
                    <animation effect="fade" start="0" end="100" time="200" condition="String.IsEmpty(Window.Property(editing))">Conditional</animation>
                    <posx>0</posx>
                    <posy>0</posy>
                    <width>1920</width>
                    <height>1080</height>
                    <texture>script.preshow-overlay.png</texture>
                    <colordiffuse>FF000000</colordiffuse>
                    <aspectratio>stretch</aspectratio>
                </control>
            </control>

            <control type="group">
                <posx>0</posx>
                <posy>-575</posy>

                <control type="image">
                    <animation effect="fade" start="100" end="0" time="200" condition="!String.IsEmpty(Window.Property(editing))">Conditional</animation>
                    <posx>20</posx>
                    <posy>20</posy>
                    <width>210</width>
                    <height>1040</height>
                    <texture>script.preshow-banner.png</texture>
                    <aspectratio>stretch</aspectratio>
                </control>
                <!-- Create New Button -->
                <control type="group">
                    <posx>260</posx>
                    <posy>40</posy>
                    <control type="image">
                        <posx>0</posx>
                        <posy>0</posy>
                        <width>1620</width>
                        <height>100</height>
                        <texture>script.preshow-white_square.png</texture>
                        <colordiffuse>FF2D3139</colordiffuse>
                        <aspectratio>stretch</aspectratio>
                    </control>
                    <control type="group">
                        <posx>20</posx>
                        <posy>10</posy>
                        <control type="image">
                            <posx>0</posx>
                            <posy>0</posy>
                            <width>80</width>
                            <height>80</height>
                            <texture>script.preshow-white_square.png</texture>
                            <colordiffuse>FF151515</colordiffuse>
                            <aspectratio>stretch</aspectratio>
                        </control>
                        <control type="button" id="411">
                            <posx>5</posx>
                            <posy>5</posy>
                            <width>70</width>
                            <height>70</height>
                            <label> </label>
                            <font>font13</font>
                            <textcolor>FFFFFFFF</textcolor>
                            <align>center</align>
                            <texturefocus colordiffuse="$INFO[Window(10000).Property(script.preshowexperience.theme.color.button.selected)]">script.preshow-white_square.png</texturefocus>
                            <texturenofocus colordiffuse="FF4F5564">script.preshow-white_square.png</texturenofocus>
                            <ondown>401</ondown>
							<onleft>425</onleft>
                            <onright>432</onright>
                        </control>
                        <control type="image">
                            <posx>5</posx>
                            <posy>5</posy>
                            <width>70</width>
                            <height>70</height>
                            <texture>icons/script.preshow-New.png</texture>
                            <colordiffuse>FFFFFFFF</colordiffuse>
                            <aspectratio>stretch</aspectratio>
                        </control>
                    </control>

                    <control type="group">
                        <posx>120</posx>
                        <posy>10</posy>
                        <control type="image">
                            <posx>0</posx>
                            <posy>0</posy>
                            <width>80</width>
                            <height>80</height>
                            <texture>script.preshow-white_square.png</texture>
                            <colordiffuse>FF151515</colordiffuse>
                            <aspectratio>stretch</aspectratio>
                        </control>
                        <control type="button" id="432">
                            <posx>5</posx>
                            <posy>5</posy>
                            <width>70</width>
                            <height>70</height>
                            <label> </label>
                            <font>font13</font>
                            <textcolor>FFFFFFFF</textcolor>
                            <align>center</align>
                            <texturefocus colordiffuse="$INFO[Window(10000).Property(script.preshowexperience.theme.color.button.selected)]">script.preshow-white_square.png</texturefocus>
                            <texturenofocus colordiffuse="FF4F5564">script.preshow-white_square.png</texturenofocus>
                            <ondown>401</ondown>
                            <onleft>411</onleft>
                            <onright>433</onright>
                        </control>
                        <control type="image">
                            <posx>5</posx>
                            <posy>5</posy>
                            <width>70</width>
                            <height>70</height>
                            <texture>icons/script.preshow-Open.png</texture>
                            <colordiffuse>FFFFFFFF</colordiffuse>
                            <aspectratio>stretch</aspectratio>
                        </control>
                    </control>
                    <!-- Save Button -->
                    <control type="group">
                        <posx>220</posx>
                        <posy>10</posy>
                        <control type="image">
                            <posx>0</posx>
                            <posy>0</posy>
                            <width>80</width>
                            <height>80</height>
                            <texture>script.preshow-white_square.png</texture>
                            <colordiffuse>FF151515</colordiffuse>
                            <aspectratio>stretch</aspectratio>
                        </control>
                        <control type="button" id="433">
                            <posx>5</posx>
                            <posy>5</posy>
                            <width>70</width>
                            <height>70</height>
                            <label> </label>
                            <font>font13</font>
                            <textcolor>FFFFFFFF</textcolor>
                            <align>center</align>
                            <texturefocus colordiffuse="$INFO[Window(10000).Property(script.preshowexperience.theme.color.button.selected)]">script.preshow-white_square.png</texturefocus>
                            <texturenofocus colordiffuse="FF4F5564">script.preshow-white_square.png</texturenofocus>
                            <ondown>401</ondown>
                            <onleft>432</onleft>
                            <onright>424</onright>
                        </control>
                        <control type="image">
                            <posx>5</posx>
                            <posy>5</posy>
                            <width>70</width>
                            <height>70</height>
                            <texture>icons/script.preshow-Save.png</texture>
                            <colordiffuse>FFFFFFFF</colordiffuse>
                            <aspectratio>stretch</aspectratio>
                        </control>
                    </control>
                    <!-- File Name -->
                    <control type="image">
                        <posx>320</posx>
                        <posy>10</posy>
                        <width>1080</width>
                        <height>80</height>
                        <texture>script.preshow-white_square.png</texture>
                        <colordiffuse>FF151515</colordiffuse>
                        <aspectratio>stretch</aspectratio>
                    </control>
                    <control type="l" id="434">
                        <posx>325</posx>
                        <posy>10</posy>
                        <width>1070</width>
                        <height>80</height>
                        <label> </label>
                        <font>font13</font>
                        <textcolor>FFFFFFFF</textcolor>
                        <align>center</align>
                        <texturefocus colordiffuse="$INFO[Window(10000).Property(script.preshowexperience.theme.color.button.selected)]">script.preshow-white_square.png</texturefocus>
                        <texturenofocus colordiffuse="00000000">-</texturenofocus>
						<onleft>433</onleft>
                         <onright>424</onright>
                    </control>
                    <control type="image">
                        <posx>325</posx>
                        <posy>15</posy>
                        <width>1070</width>
                        <height>70</height>
                        <texture>script.preshow-white_square.png</texture>
                        <colordiffuse>FF000000</colordiffuse>
                        <aspectratio>stretch</aspectratio>
                    </control>
                    <control type="group">
                        <posx>340</posx>
                        <posy>15</posy>
                        <visible>!String.IsEmpty(Window(10000).Property(script.preshowexperience.EDITING))</visible>
                        <control type="label">
                            <posx>0</posx>
                            <posy>0</posy>
                            <width>1230</width>
                            <height>70</height>
                            <font>font30</font>
                            <textcolor>$INFO[Window(10000).Property(script.preshowexperience.theme.color.button.selected)]</textcolor>
                            <align>left</align>
                            <aligny>center</aligny>
                            <label>[B]$INFO[Window(10000).Property(script.preshowexperience.EDITING)][/B]</label>
                        </control>
                    </control>
					            <!-- Change Theme Button -->
				<control type="group">
                        <posx>1420</posx>
                        <posy>10</posy>
                        <control type="image">
                            <posx>0</posx>
                            <posy>0</posy>
                            <width>80</width>
                            <height>80</height>
                            <texture>script.preshow-white_square.png</texture>
                            <colordiffuse>FF151515</colordiffuse>
                            <aspectratio>stretch</aspectratio>
                        </control>
                        <control type="button" id="424">
                            <posx>5</posx>
                            <posy>5</posy>
                            <width>70</width>
                            <height>70</height>
                            <label> </label>
                            <font>font13</font>
                            <textcolor>FFFFFFFF</textcolor>
                            <align>center</align>
                            <texturefocus colordiffuse="$INFO[Window(10000).Property(script.preshowexperience.theme.color.button.selected)]">script.preshow-white_square.png</texturefocus>
                            <texturenofocus colordiffuse="FF4F5564">script.preshow-white_square.png</texturenofocus>
                            <onleft>433</onleft>
                            <onright>425</onright>
							<ondown>403</ondown>
                        </control>
                        <control type="image">
                            <posx>5</posx>
                            <posy>5</posy>
                            <width>70</width>
                            <height>70</height>
                            <texture>icons/script.preshow-Theme.png</texture>
                            <colordiffuse>FFFFFFFF</colordiffuse>
                            <aspectratio>stretch</aspectratio>
                        </control>
                    </control>
							<!-- Settings Button -->
                    <control type="group">
                        <posx>1520</posx>
                        <posy>10</posy>
                        <control type="image">
                            <posx>0</posx>
                            <posy>0</posy>
                            <width>80</width>
                            <height>80</height>
                            <texture>script.preshow-white_square.png</texture>
                            <colordiffuse>FF151515</colordiffuse>
                            <aspectratio>stretch</aspectratio>
                        </control>
                        <control type="button" id="425">
                            <posx>5</posx>
                            <posy>5</posy>
                            <width>70</width>
                            <height>70</height>
                            <label> </label>
                            <font>font13</font>
                            <textcolor>FFFFFFFF</textcolor>
                            <align>center</align>
                            <texturefocus colordiffuse="$INFO[Window(10000).Property(script.preshowexperience.theme.color.button.selected)]">script.preshow-white_square.png</texturefocus>
                            <texturenofocus colordiffuse="FF4F5564">script.preshow-white_square.png</texturenofocus>
                            <onleft>424</onleft>
							<onright>411</onright>
                            <ondown>403</ondown>							
                        </control>
                        <control type="image">
                            <posx>5</posx>
                            <posy>5</posy>
                            <width>70</width>
                            <height>70</height>
                            <texture>icons/script.preshow-Settings.png</texture>
                            <colordiffuse>FFFFFFFF</colordiffuse>
                            <aspectratio>stretch</aspectratio>
                        </control>
                    </control>
                </control>

                <control type="group">
                    <posx>260</posx>
                    <posy>180</posy>
                    <control type="image">
                        <posx>0</posx>
                        <posy>0</posy>
                        <width>1620</width>
                        <height>100</height>
                        <texture>script.preshow-white_square.png</texture>
                        <colordiffuse>FF2D3139</colordiffuse>
                        <aspectratio>stretch</aspectratio>
                    </control>
			
<!-- Edit Sequence Button -->
                    <control type="group">
                        <posx>20</posx>
                        <posy>10</posy>
                        <control type="image">
                            <width>312</width>
                            <height>80</height>
                            <texture>script.preshow-white_square.png</texture>
                            <colordiffuse>FF151515</colordiffuse>
                            <aspectratio>stretch</aspectratio>
                        </control>
                        <control type="button" id="401">
                            <posx>5</posx>
                            <posy>5</posy>					
                            <width>302</width>
                            <height>70</height>
                            <texturefocus colordiffuse="$INFO[Window(10000).Property(script.preshowexperience.theme.color.button.selected)]">script.preshow-white_square.png</texturefocus>
                            <texturenofocus colordiffuse="FF4F5564">script.preshow-white_square.png</texturenofocus>
                            <onup>432</onup>
                            <onleft>403</onleft>
                            <onright>402</onright>
                        </control>
                        <control type="image">
                            <posy>5</posy>						
                            <width>302</width>
                            <height>70</height>
                            <texture>icons/script.preshow-Edit.png</texture>
                            <aspectratio>stretch</aspectratio>
                            </control>
                    </control>
<!-- Auto Select Button -->
                    <control type="group">
                        <posx>352</posx>
                        <posy>10</posy>
                        <control type="image">
                            <posx>0</posx>
                            <posy>0</posy>
                            <width>285</width>
                            <height>80</height>
                            <texture>script.preshow-white_square.png</texture>
                            <colordiffuse>FF151515</colordiffuse>
                            <aspectratio>stretch</aspectratio>
                        </control>
                        <control type="button" id="402">
                            <posx>5</posx>
                            <posy>5</posy>						
                            <width>275</width>
                            <height>70</height>
                            <texturefocus colordiffuse="$INFO[Window(10000).Property(script.preshowexperience.theme.color.button.selected)]">script.preshow-white_square.png</texturefocus>
                            <texturenofocus colordiffuse="FF4F5564">script.preshow-white_square.png</texturenofocus>
                            <onup>433</onup>
                            <onleft>401</onleft>
                            <onright>404</onright>
                        </control>
                        <control type="image">
                            <visible>String.IsEqual(Window(10000).Property(script.preshowexperience.ACTIVE),0)</visible>
							<posy>5</posy>	
                            <width>275</width>
                            <height>70</height>
                            <texture>icons/script.preshow-Select-Disabled.png</texture>
                            <aspectratio>stretch</aspectratio>
                        </control>
                        <control type="image">
                            <visible>String.IsEqual(Window(10000).Property(script.preshowexperience.ACTIVE),1)</visible>
							<posy>5</posy>	
                            <width>275</width>
                            <height>70</height>
                            <texture>icons/script.preshow-Select-Enabled.png</texture>
                            <aspectratio>stretch</aspectratio>
                        </control>
                    </control>
<!-- Set Conditions Button -->
                    <control type="group">
                        <posx>657</posx>
                        <posy>10</posy>
                        <control type="image">
                            <posx>0</posx>
                            <posy>0</posy>
                            <width>333</width>
                            <height>80</height>
                            <texture>script.preshow-white_square.png</texture>
                            <colordiffuse>FF151515</colordiffuse>
                            <aspectratio>stretch</aspectratio>
                        </control>
                        <control type="button" id="404">
                            <posx>5</posx>
                            <posy>5</posy>						
                            <width>323</width>
                            <height>70</height>
                            <texturefocus colordiffuse="$INFO[Window(10000).Property(script.preshowexperience.theme.color.button.selected)]">script.preshow-white_square.png</texturefocus>
                            <texturenofocus colordiffuse="FF4F5564">script.preshow-white_square.png</texturenofocus>
                            <onup>433</onup>
                            <onleft>402</onleft>
                            <onright>405</onright>
                        </control>
                        <control type="image">
						    <posy>5</posy>	
                            <width>323</width>
                            <height>70</height>
                            <texture>icons/script.preshow-Conditions.png</texture>
                            <aspectratio>stretch</aspectratio>
                        </control>
                    </control>
<!-- Show in Dialog Button -->
                    <control type="group">
                        <posx>1010</posx>
                        <posy>10</posy>
                        <control type="image">
                            <width>335</width>
                            <height>80</height>
                            <texture>script.preshow-white_square.png</texture>
                            <colordiffuse>FF151515</colordiffuse>
                            <aspectratio>stretch</aspectratio>
                        </control>
                        <control type="button" id="405">
                            <posx>5</posx>
                            <posy>5</posy>						
                            <width>325</width>
                            <height>70</height>
                            <texturefocus colordiffuse="$INFO[Window(10000).Property(script.preshowexperience.theme.color.button.selected)]">script.preshow-white_square.png</texturefocus>
                            <texturenofocus colordiffuse="FF4F5564">script.preshow-white_square.png</texturenofocus>
                            <onup>433</onup>
                            <onleft>404</onleft>
							<onright>403</onright>
                        </control>
                        <control type="image">
                            <visible>String.IsEmpty(Window(10000).Property(script.preshowexperience.sequence.visible.dialog))</visible>
							<posy>5</posy>	
                            <width>325</width>
                            <height>70</height>
                            <texture>icons/script.preshow-Dialog-Disabled.png</texture>
                            <aspectratio>stretch</aspectratio>
                        </control>
                        <control type="image">
                            <visible>!String.IsEmpty(Window(10000).Property(script.preshowexperience.sequence.visible.dialog))</visible>
							<posy>5</posy>	
                            <width>325</width>
                            <height>70</height>
                            <texture>icons/script.preshow-Dialog-Enabled.png</texture>
                            <aspectratio>stretch</aspectratio>
                        </control>
                    </control>
<!-- Play Sequence Button -->
                    <control type="group">
                        <posx>1365</posx>
                        <posy>10</posy>
                        <control type="image">
                            <width>169</width>
                            <height>80</height>
                            <texture>script.preshow-white_square.png</texture>
                            <colordiffuse>FF151515</colordiffuse>
                            <aspectratio>stretch</aspectratio>
                        </control>
                        <control type="button" id="403">
                            <posx>5</posx>
                            <posy>5</posy>
                            <width>159</width>
                            <height>70</height>
                            <label> </label>
                            <font>font13</font>
                            <textcolor>FFFFFFFF</textcolor>
                            <align>right</align>
                            <textoffsetx>24</textoffsetx>
                            <texturefocus colordiffuse="$INFO[Window(10000).Property(script.preshowexperience.theme.color.button.selected)]">script.preshow-white_square.png</texturefocus>
                            <texturenofocus colordiffuse="FF4F5564">script.preshow-white_square.png</texturenofocus>
                            <onup>433</onup>
                            <onleft>405</onleft>
							<onright>401</onright>
                        </control>
                        <control type="image">
						    <posy>5</posy>	
                            <width>159</width>
                            <height>70</height>
                            <texture>icons/script.preshow-Play.png</texture>
                            <aspectratio>stretch</aspectratio>
                        </control>
                    </control>
                </control>
                <control type="group">
                    <posx>140</posx>
                    <posy>280</posy>
                     <control type="image">
                        <posx>120</posx>
                        <posy>0</posy>
                        <width>1620</width>
                        <height>100</height>
                        <texture></texture>
                        <colordiffuse>FF2D3139</colordiffuse>
                        <aspectratio>stretch</aspectratio>
                    </control>
                    <control type="image">
                        <posx>130</posx>
                        <posy>15</posy>
                        <width>1600</width>
                        <height>76</height>
                        <texture>script.preshow-white_square.png</texture>
                        <colordiffuse>FF000000</colordiffuse>
                        <aspectratio>stretch</aspectratio>
                    </control>
                    <control type="label">
                        <posx>150</posx>
                        <posy>15</posy>
                        <width>1600</width>
                        <height>80</height>
                        <font>font30</font>
                        <textcolor>FF606060</textcolor>
                        <align>center</align>
                        <aligny>center</aligny>
                        <label>$INFO[Window(10000).Property(script.preshowexperience.option.hint)]</label>
                    </control>
                </control>
            </control>
        </control>
    </controls>
</window>
