<?xml version="1.0" encoding="UTF-8" standalone="yes"?>
<window>
    <defaultcontrol>200</defaultcontrol>
    <coordinates>
        <system>1</system>
        <posx>0</posx>
        <posy>0</posy>
    </coordinates>
    <animation effect="zoom" end="74.074074074,74.074074074" center="960,540" time="0" condition="!String.IsEmpty(Window(10000).Property(script.preshowexperience.scope.2.40:1))">Conditional</animation>
    <animation effect="zoom" end="75.925925926,75.925925926" center="960,540" time="0" condition="!String.IsEmpty(Window(10000).Property(script.preshowexperience.scope.2.35:1))">Conditional</animation>
    <controls>
        <control type="image">
            <posx>0</posx>
            <posy>0</posy>
            <width>1920</width>
            <height>1080</height>
            <texture>$INFO[Window.Property(image)]</texture>
            <aspectratio>keep</aspectratio>
        </control>
    </controls>
</window>