<?xml version="1.0" encoding="UTF-8" standalone="yes"?>
<addon id="repository.preshow" name="Preshow Experience Repository" version="0.1.0" provider-name="PreshowExperience">
    <extension point="xbmc.addon.repository" name="Preshow Experience Repository">
        <dir minversion="20.0.0">
            <info compressed="false">https://raw.githubusercontent.com/PreShowExperience/repository.preshowexperience/main/nexus/zips/addons.xml</info>
            <checksum>https://raw.githubusercontent.com/PreShowExperience/repository.preshow/main/nexus/zips/addons.xml.md5</checksum>
            <datadir zip="true">https://raw.githubusercontent.com/PreShowExperience/repository.preshow/main/nexus/zips/</datadir>
        </dir>
    </extension>
    <extension point="xbmc.addon.metadata">
        <summary>Preshow Experience Repository</summary>
        <description>Preshow Experience Repository</description>
        <disclaimer></disclaimer>
        <platform>all</platform>
        <assets>
            <icon>icon.png</icon>
            <fanart>fanart.jpg</fanart>
        </assets>
    </extension>
</addon>